SET DB_CLOSE_DELAY -1;         
;              
CREATE USER IF NOT EXISTS SA SALT '5f2af6953cc4c474' HASH '467778ddd8d136b9bfb29070fd70f1c68c364244e003fd462a70b9730c851f96' ADMIN;            
CREATE SEQUENCE PUBLIC.SYSTEM_SEQUENCE_14F1E69F_E82C_4F65_9AD4_81E9B00BD65B START WITH 5 BELONGS_TO_TABLE;     
CREATE MEMORY TABLE PUBLIC.SECTOR(
    ID BIGINT NOT NULL,
    NAME VARCHAR(255) NOT NULL
);   
-- 79 +/- SELECT COUNT(*) FROM PUBLIC.SECTOR;  
INSERT INTO PUBLIC.SECTOR(ID, NAME) VALUES
(1, 'Manufacturing'),
(19, 'Construction materials'),
(18, 'Electronics and Optics'),
(6, 'Food and Beverage'),
(342, 'Bakery & confectionery products'),
(43, 'Beverages'),
(42, 'Fish & fish products'),
(40, 'Meat & meat products'),
(39, 'Milk & dairy products'),
(437, 'Other'),
(378, 'Sweets & snack food'),
(13, 'Furniture'),
(389, 'Bathroom/sauna'),
(385, 'Bedroom'),
(390, STRINGDECODE('Children\u2019s room')),
(98, 'Kitchen'),
(101, 'Living room'),
(392, 'Office'),
(394, 'Other (Furniture)'),
(341, 'Outdoor'),
(99, 'Project furniture'),
(12, 'Machinery'),
(94, 'Machinery components'),
(91, 'Machinery equipment/tools'),
(224, 'Manufacture of machinery'),
(97, 'Maritime'),
(271, 'Aluminium and steel workboats'),
(269, 'Boat/Yacht building'),
(230, 'Ship repair and conversion'),
(93, 'Metal structures'),
(508, 'Other'),
(227, 'Repair and maintenance service'),
(11, 'Metalworking'),
(67, 'Construction of metal structures'),
(263, 'Houses and buildings'),
(267, 'Metal products'),
(542, 'Metal works'),
(75, 'CNC-machining'),
(62, 'Forgings, Fasteners'),
(69, 'Gas, Plasma, Laser cutting'),
(66, 'MIG, TIG, Aluminum welding'),
(9, 'Plastic and Rubber'),
(54, 'Packaging'),
(556, 'Plastic goods'),
(559, 'Plastic processing technology'),
(55, 'Blowing'),
(57, 'Moulding'),
(53, 'Plastics welding and processing'),
(560, 'Plastic profiles'),
(5, 'Printing'),
(148, 'Advertising'),
(150, 'Book/Periodicals printing'),
(145, 'Labelling and packaging printing'),
(7, 'Textile and Clothing'),
(44, 'Clothing'),
(45, 'Textile'),
(8, 'Wood'),
(337, 'Other (Wood)'),
(51, 'Wooden building materials'),
(47, 'Wooden houses'),
(3, 'Other'),
(37, 'Creative industries'),
(29, 'Energy technology'),
(33, 'Environment'),
(2, 'Service'),
(25, 'Business services'),
(35, 'Engineering'),
(28, 'Information Technology and Telecommunications'),
(581, 'Data processing, Web portals, E-marketing'),
(576, 'Programming, Consultancy'),
(121, 'Software, Hardware'),
(122, 'Telecommunications'),
(22, 'Tourism'),
(141, 'Translation services'),
(21, 'Transport and Logistics'),
(111, 'Air'),
(114, 'Rail'),
(112, 'Road'),
(113, 'Water');         
CREATE MEMORY TABLE PUBLIC.USER(
    ID BIGINT DEFAULT (NEXT VALUE FOR PUBLIC.SYSTEM_SEQUENCE_14F1E69F_E82C_4F65_9AD4_81E9B00BD65B) NOT NULL NULL_TO_DEFAULT SEQUENCE PUBLIC.SYSTEM_SEQUENCE_14F1E69F_E82C_4F65_9AD4_81E9B00BD65B,
    NAME VARCHAR(255) NOT NULL,
    AGREE_TO_TERMS BOOLEAN NOT NULL
);      
ALTER TABLE PUBLIC.USER ADD CONSTRAINT PUBLIC.CONSTRAINT_2 PRIMARY KEY(ID);    
-- 4 +/- SELECT COUNT(*) FROM PUBLIC.USER;     
INSERT INTO PUBLIC.USER(ID, NAME, AGREE_TO_TERMS) VALUES
(1, 'Sander', TRUE),
(2, 'Karl', TRUE),
(3, 'Triin', TRUE),
(4, 'Liisa', TRUE);       
CREATE MEMORY TABLE PUBLIC.USER_SECTORS(
    USER_ID BIGINT,
    SECTOR_ID BIGINT
);           
-- 36 +/- SELECT COUNT(*) FROM PUBLIC.USER_SECTORS;            
INSERT INTO PUBLIC.USER_SECTORS(USER_ID, SECTOR_ID) VALUES
(1, 1),
(1, 19),
(1, 18),
(2, 19),
(2, 6),
(2, 437),
(3, 19),
(3, 18),
(3, 6),
(3, 342),
(3, 43),
(3, 42),
(3, 40),
(3, 39),
(3, 437),
(3, 378),
(3, 13),
(3, 389),
(3, 385),
(3, 390),
(3, 98),
(3, 101),
(3, 392),
(3, 394),
(3, 341),
(3, 99),
(3, 12),
(3, 94),
(3, 91),
(3, 224),
(3, 97),
(3, 271),
(3, 269),
(3, 230),
(3, 93),
(4, 113);    
ALTER TABLE PUBLIC.USER_SECTORS ADD CONSTRAINT PUBLIC.CONSTRAINT_56A UNIQUE(USER_ID, SECTOR_ID);               
ALTER TABLE PUBLIC.USER_SECTORS ADD CONSTRAINT PUBLIC.CONSTRAINT_56 FOREIGN KEY(SECTOR_ID) REFERENCES PUBLIC.SECTOR(ID) ON DELETE CASCADE NOCHECK;             
ALTER TABLE PUBLIC.USER_SECTORS ADD CONSTRAINT PUBLIC.CONSTRAINT_5 FOREIGN KEY(USER_ID) REFERENCES PUBLIC.USER(ID) ON DELETE CASCADE NOCHECK;  
